Series,Episode_Title,Action,image_url,description,linked,year
Season_1,An Unearthly Child,List_Parts,https://placehold.co/600x400/EEE/31343C,Placeholder Description,FALSE,1963
Season_1,The Daleks,List_Parts,https://placehold.co/600x400/EEE/31343C,Placeholder Description,FALSE,1963
Season_1,The Edge of Destruction,List_Parts,https://placehold.co/600x400/EEE/31343C,Placeholder Description,FALSE,1964
Season_1,Marco Polo,List_Parts,https://placehold.co/600x400/EEE/31343C,Placeholder Description,FALSE,1964
Season_1,The Keys of Marinus,List_Parts,https://placehold.co/600x400/EEE/31343C,Placeholder Description,FALSE,1964
Season_1,The Aztecs,List_Parts,https://placehold.co/600x400/EEE/31343C,Placeholder Description,FALSE,1964
Season_1,The Sensorites,List_Parts,https://placehold.co/600x400/EEE/31343C,Placeholder Description,FALSE,1964
Season_1,The Reign of Terror,List_Parts,https://placehold.co/600x400/EEE/31343C,Placeholder Description,FALSE,1964
Season_2,Planet of Giants,List_Parts,https://placehold.co/600x400/EEE/31343C,Placeholder Description,FALSE,1964
Season_2,The Dalek Invasion of Earth,List_Parts,https://placehold.co/600x400/EEE/31343C,Placeholder Description,FALSE,1964
Season_2,The Rescue,List_Parts,https://placehold.co/600x400/EEE/31343C,Placeholder Description,FALSE,1965
Season_2,The Romans,List_Parts,https://placehold.co/600x400/EEE/31343C,Placeholder Description,FALSE,1965
Season_2,The Web Planet,List_Parts,https://placehold.co/600x400/EEE/31343C,Placeholder Description,FALSE,1965
Season_2,The Crusade,List_Parts,https://placehold.co/600x400/EEE/31343C,Placeholder Description,FALSE,1965
Season_2,The Space Museum,List_Parts,https://placehold.co/600x400/EEE/31343C,Placeholder Description,FALSE,1965
Season_2,The Chase,List_Parts,https://placehold.co/600x400/EEE/31343C,Placeholder Description,FALSE,1965
Season_2,The Time Meddler,List_Parts,https://placehold.co/600x400/EEE/31343C,Placeholder Description,FALSE,1965
Season_3,Galaxy 4,List_Parts,https://placehold.co/600x400/EEE/31343C,Placeholder Description,FALSE,1965
Season_3,Mission to the Unknown,List_Parts,https://placehold.co/600x400/EEE/31343C,Placeholder Description,FALSE,1965
Season_3,The Myth Makers,List_Parts,https://placehold.co/600x400/EEE/31343C,Placeholder Description,FALSE,1965
Season_3,The Daleks' Master Plan,List_Parts,https://placehold.co/600x400/EEE/31343C,Placeholder Description,FALSE,1965
Season_3,The Massacre of St. Bartholomew's Eve,List_Parts,https://placehold.co/600x400/EEE/31343C,Placeholder Description,FALSE,1966
Season_3,The Ark,List_Parts,https://placehold.co/600x400/EEE/31343C,Placeholder Description,FALSE,1966
Season_3,The Celestial Toymaker,List_Parts,https://placehold.co/600x400/EEE/31343C,Placeholder Description,FALSE,1966
Season_3,The Gunfighters,List_Parts,https://placehold.co/600x400/EEE/31343C,Placeholder Description,FALSE,1966
Season_3,The Savages,List_Parts,https://placehold.co/600x400/EEE/31343C,Placeholder Description,FALSE,1966
Season_3,The War Machines,List_Parts,https://placehold.co/600x400/EEE/31343C,Placeholder Description,FALSE,1966
Season_4,The Smugglers,List_Parts,https://placehold.co/600x400/EEE/31343C,Placeholder Description,FALSE,1966
Season_4,The Tenth Planet,List_Parts,https://placehold.co/600x400/EEE/31343C,Placeholder Description,FALSE,1966
Season_4,The Power of the Daleks,List_Parts,https://placehold.co/600x400/EEE/31343C,Placeholder Description,FALSE,1966
Season_4,The Highlanders,List_Parts,https://placehold.co/600x400/EEE/31343C,Placeholder Description,FALSE,1966
Season_4,The Underwater Menace,List_Parts,https://placehold.co/600x400/EEE/31343C,Placeholder Description,FALSE,1967
Season_4,The Moonbase,List_Parts,https://placehold.co/600x400/EEE/31343C,Placeholder Description,FALSE,1967
Season_4,The Macra Terror,List_Parts,https://placehold.co/600x400/EEE/31343C,Placeholder Description,FALSE,1967
Season_4,The Faceless Ones,List_Parts,https://placehold.co/600x400/EEE/31343C,Placeholder Description,FALSE,1967
Season_4,The Evil of the Daleks,List_Parts,https://placehold.co/600x400/EEE/31343C,Placeholder Description,FALSE,1967
Season_5,The Tomb of the Cybermen,List_Parts,https://placehold.co/600x400/EEE/31343C,Placeholder Description,FALSE,1967
Season_5,The Abominable Snowmen,List_Parts,https://placehold.co/600x400/EEE/31343C,Placeholder Description,FALSE,1967
Season_5,The Ice Warriors,List_Parts,https://placehold.co/600x400/EEE/31343C,Placeholder Description,FALSE,1967
Season_5,The Enemy of the World,List_Parts,https://placehold.co/600x400/EEE/31343C,Placeholder Description,FALSE,1967
Season_5,The Web of Fear,List_Parts,https://placehold.co/600x400/EEE/31343C,Placeholder Description,FALSE,1968
Season_5,Fury from the Deep,List_Parts,https://placehold.co/600x400/EEE/31343C,Placeholder Description,FALSE,1968
Season_5,The Wheel in Space,List_Parts,https://placehold.co/600x400/EEE/31343C,Placeholder Description,FALSE,1968
Season_6,The Dominators,List_Parts,https://placehold.co/600x400/EEE/31343C,Placeholder Description,FALSE,1968
Season_6,The Mind Robber,List_Parts,https://placehold.co/600x400/EEE/31343C,Placeholder Description,FALSE,1968
Season_6,The Invasion,List_Parts,https://placehold.co/600x400/EEE/31343C,Placeholder Description,FALSE,1968
Season_6,The Krotons,List_Parts,https://placehold.co/600x400/EEE/31343C,Placeholder Description,FALSE,1968
Season_6,The Seeds of Death,List_Parts,https://placehold.co/600x400/EEE/31343C,Placeholder Description,FALSE,1969
Season_6,The Space Pirates,List_Parts,https://placehold.co/600x400/EEE/31343C,Placeholder Description,FALSE,1969
Season_6,The War Games,List_Parts,https://placehold.co/600x400/EEE/31343C,Placeholder Description,FALSE,1969
Season_7,Spearhead from Space,List_Parts,https://placehold.co/600x400/EEE/31343C,Placeholder Description,FALSE,1970
Season_7,Doctor Who and the Silurians,List_Parts,https://placehold.co/600x400/EEE/31343C,Placeholder Description,FALSE,1970
Season_7,The Ambassadors of Death,List_Parts,https://placehold.co/600x400/EEE/31343C,Placeholder Description,FALSE,1970
Season_7,Inferno,List_Parts,https://placehold.co/600x400/EEE/31343C,Placeholder Description,FALSE,1970
Season_8,Terror of the Autons,List_Parts,https://placehold.co/600x400/EEE/31343C,Placeholder Description,FALSE,1971
Season_8,The Mind of Evil,List_Parts,https://placehold.co/600x400/EEE/31343C,Placeholder Description,FALSE,1971
Season_8,The Claws of Axos,List_Parts,https://placehold.co/600x400/EEE/31343C,Placeholder Description,FALSE,1971
Season_8,Colony in Space,List_Parts,https://placehold.co/600x400/EEE/31343C,Placeholder Description,FALSE,1971
Season_8,The Dæmons,List_Parts,https://placehold.co/600x400/EEE/31343C,Placeholder Description,FALSE,1971
Season_9,Day of the Daleks,List_Parts,https://placehold.co/600x400/EEE/31343C,Placeholder Description,FALSE,1972
Season_9,The Curse of Peladon,List_Parts,https://placehold.co/600x400/EEE/31343C,Placeholder Description,FALSE,1972
Season_9,The Sea Devils,List_Parts,https://placehold.co/600x400/EEE/31343C,Placeholder Description,FALSE,1972
Season_9,The Mutants,List_Parts,https://placehold.co/600x400/EEE/31343C,Placeholder Description,FALSE,1972
Season_9,The Time Monster,List_Parts,https://placehold.co/600x400/EEE/31343C,Placeholder Description,FALSE,1972
Season_10,The Three Doctors,List_Parts,https://placehold.co/600x400/EEE/31343C,Placeholder Description,FALSE,1972
Season_10,Carnival of Monsters,List_Parts,https://placehold.co/600x400/EEE/31343C,Placeholder Description,FALSE,1973
Season_10,Frontier in Space,List_Parts,https://placehold.co/600x400/EEE/31343C,Placeholder Description,FALSE,1973
Season_10,Planet of the Daleks,List_Parts,https://placehold.co/600x400/EEE/31343C,Placeholder Description,FALSE,1973
Season_10,The Green Death,List_Parts,https://placehold.co/600x400/EEE/31343C,Placeholder Description,FALSE,1973
Season_11,The Time Warrior,List_Parts,https://placehold.co/600x400/EEE/31343C,Placeholder Description,FALSE,1974
Season_11,Invasion of the Dinosaurs,List_Parts,https://placehold.co/600x400/EEE/31343C,Placeholder Description,FALSE,1974
Season_11,Death to the Daleks,List_Parts,https://placehold.co/600x400/EEE/31343C,Placeholder Description,FALSE,1974
Season_11,The Monster of Peladon,List_Parts,https://placehold.co/600x400/EEE/31343C,Placeholder Description,FALSE,1974
Season_11,Planet of the Spiders,List_Parts,https://placehold.co/600x400/EEE/31343C,Placeholder Description,FALSE,1974
Season_12,Robot,List_Parts,https://placehold.co/600x400/EEE/31343C,Placeholder Description,FALSE,1974
Season_12,The Ark in Space,List_Parts,https://placehold.co/600x400/EEE/31343C,Placeholder Description,FALSE,1975
Season_12,The Sontaran Experiment,List_Parts,https://placehold.co/600x400/EEE/31343C,Placeholder Description,FALSE,1975
Season_12,Genesis of the Daleks,List_Parts,https://placehold.co/600x400/EEE/31343C,Placeholder Description,FALSE,1975
Season_12,Revenge of the Cybermen,List_Parts,https://placehold.co/600x400/EEE/31343C,Placeholder Description,FALSE,1975
Season_13,Terror of the Zygons,List_Parts,https://placehold.co/600x400/EEE/31343C,Placeholder Description,FALSE,1975
Season_13,Planet of Evil,List_Parts,https://placehold.co/600x400/EEE/31343C,Placeholder Description,FALSE,1975
Season_13,Pyramids of Mars,List_Parts,https://placehold.co/600x400/EEE/31343C,Placeholder Description,FALSE,1975
Season_13,The Android Invasion,List_Parts,https://placehold.co/600x400/EEE/31343C,Placeholder Description,FALSE,1975
Season_13,The Brain of Morbius,List_Parts,https://placehold.co/600x400/EEE/31343C,Placeholder Description,FALSE,1976
Season_13,The Seeds of Doom,List_Parts,https://placehold.co/600x400/EEE/31343C,Placeholder Description,FALSE,1976
Season_14,The Masque of Mandragora,List_Parts,https://placehold.co/600x400/EEE/31343C,Placeholder Description,FALSE,1976
Season_14,The Hand of Fear,List_Parts,https://placehold.co/600x400/EEE/31343C,Placeholder Description,FALSE,1976
Season_14,The Deadly Assassin,List_Parts,https://placehold.co/600x400/EEE/31343C,Placeholder Description,FALSE,1976
Season_14,The Face of Evil,List_Parts,https://placehold.co/600x400/EEE/31343C,Placeholder Description,FALSE,1977
Season_14,The Robots of Death,List_Parts,https://placehold.co/600x400/EEE/31343C,Placeholder Description,FALSE,1977
Season_14,The Talons of Weng-Chiang,List_Parts,https://placehold.co/600x400/EEE/31343C,Placeholder Description,FALSE,1977
Season_15,Horror of Fang Rock,List_Parts,https://placehold.co/600x400/EEE/31343C,Placeholder Description,FALSE,1977
Season_15,The Invisible Enemy,List_Parts,https://placehold.co/600x400/EEE/31343C,Placeholder Description,FALSE,1977
Season_15,Image of the Fendahl,List_Parts,https://placehold.co/600x400/EEE/31343C,Placeholder Description,FALSE,1977
Season_15,The Sun Makers,List_Parts,https://placehold.co/600x400/EEE/31343C,Placeholder Description,FALSE,1977
Season_15,Underworld,List_Parts,https://placehold.co/600x400/EEE/31343C,Placeholder Description,FALSE,1978
Season_15,The Invasion of Time,List_Parts,https://placehold.co/600x400/EEE/31343C,Placeholder Description,FALSE,1978
Season_16,The Ribos Operation,List_Parts,https://placehold.co/600x400/EEE/31343C,Placeholder Description,FALSE,1978
Season_16,The Pirate Planet,List_Parts,https://placehold.co/600x400/EEE/31343C,Placeholder Description,FALSE,1978
Season_16,The Stones of Blood,List_Parts,https://placehold.co/600x400/EEE/31343C,Placeholder Description,FALSE,1978
Season_16,The Androids of Tara,List_Parts,https://placehold.co/600x400/EEE/31343C,Placeholder Description,FALSE,1978
Season_16,The Power of Kroll,List_Parts,https://placehold.co/600x400/EEE/31343C,Placeholder Description,FALSE,1978
Season_16,The Armageddon Factor,List_Parts,https://placehold.co/600x400/EEE/31343C,Placeholder Description,FALSE,1979
Season_17,Destiny of the Daleks,List_Parts,https://placehold.co/600x400/EEE/31343C,Placeholder Description,FALSE,1979
Season_17,City of Death,List_Parts,https://placehold.co/600x400/EEE/31343C,Placeholder Description,FALSE,1979
Season_17,The Creature from the Pit,List_Parts,https://placehold.co/600x400/EEE/31343C,Placeholder Description,FALSE,1979
Season_17,Nightmare of Eden,List_Parts,https://placehold.co/600x400/EEE/31343C,Placeholder Description,FALSE,1979
Season_17,The Horns of Nimon,List_Parts,https://placehold.co/600x400/EEE/31343C,Placeholder Description,FALSE,1979
Season_17,Shada,List_Parts,https://placehold.co/600x400/EEE/31343C,Placeholder Description,FALSE,2017
Season_18,The Leisure Hive,List_Parts,https://placehold.co/600x400/EEE/31343C,Placeholder Description,FALSE,1980
Season_18,Meglos,List_Parts,https://placehold.co/600x400/EEE/31343C,Placeholder Description,FALSE,1980
Season_18,Full Circle,List_Parts,https://placehold.co/600x400/EEE/31343C,Placeholder Description,FALSE,1980
Season_18,State of Decay,List_Parts,https://placehold.co/600x400/EEE/31343C,Placeholder Description,FALSE,1980
Season_18,Warriors' Gate,List_Parts,https://placehold.co/600x400/EEE/31343C,Placeholder Description,FALSE,1981
Season_18,The Keeper of Traken,List_Parts,https://placehold.co/600x400/EEE/31343C,Placeholder Description,FALSE,1981
Season_18,Logopolis,List_Parts,https://placehold.co/600x400/EEE/31343C,Placeholder Description,FALSE,1981
Season_19,Castrovalva,List_Parts,https://placehold.co/600x400/EEE/31343C,Placeholder Description,FALSE,1982
Season_19,Four to Doomsday,List_Parts,https://placehold.co/600x400/EEE/31343C,Placeholder Description,FALSE,1982
Season_19,Kinda,List_Parts,https://placehold.co/600x400/EEE/31343C,Placeholder Description,FALSE,1982
Season_19,The Visitation,List_Parts,https://placehold.co/600x400/EEE/31343C,Placeholder Description,FALSE,1982
Season_19,Black Orchid,List_Parts,https://placehold.co/600x400/EEE/31343C,Placeholder Description,FALSE,1982
Season_19,Earthshock,List_Parts,https://placehold.co/600x400/EEE/31343C,Placeholder Description,FALSE,1982
Season_19,Time-Flight,List_Parts,https://placehold.co/600x400/EEE/31343C,Placeholder Description,FALSE,1982
Season_20,Arc of Infinity,List_Parts,https://placehold.co/600x400/EEE/31343C,Placeholder Description,FALSE,1983
Season_20,Snakedance,List_Parts,https://placehold.co/600x400/EEE/31343C,Placeholder Description,FALSE,1983
Season_20,Mawdryn Undead,List_Parts,https://placehold.co/600x400/EEE/31343C,Placeholder Description,FALSE,1983
Season_20,Terminus,List_Parts,https://placehold.co/600x400/EEE/31343C,Placeholder Description,FALSE,1983
Season_20,Enlightenment,List_Parts,https://placehold.co/600x400/EEE/31343C,Placeholder Description,FALSE,1983
Season_20,The King's Demons,List_Parts,https://placehold.co/600x400/EEE/31343C,Placeholder Description,FALSE,1983
Season_20,The Five Doctors,List_Parts,https://placehold.co/600x400/EEE/31343C,Placeholder Description,FALSE,1983
Season_21,Warriors of the Deep,List_Parts,https://placehold.co/600x400/EEE/31343C,Placeholder Description,FALSE,1984
Season_21,The Awakening,List_Parts,https://placehold.co/600x400/EEE/31343C,Placeholder Description,FALSE,1984
Season_21,Frontios,List_Parts,https://placehold.co/600x400/EEE/31343C,Placeholder Description,FALSE,1984
Season_21,Resurrection of the Daleks,List_Parts,https://placehold.co/600x400/EEE/31343C,Placeholder Description,FALSE,1984
Season_21,Planet of Fire,List_Parts,https://placehold.co/600x400/EEE/31343C,Placeholder Description,FALSE,1984
Season_21,The Caves of Androzani,List_Parts,https://placehold.co/600x400/EEE/31343C,Placeholder Description,FALSE,1984
Season_21,The Twin Dilemma,List_Parts,https://placehold.co/600x400/EEE/31343C,Placeholder Description,FALSE,1984
Season_22,Attack of the Cybermen,List_Parts,https://placehold.co/600x400/EEE/31343C,Placeholder Description,FALSE,1985
Season_22,Vengeance on Varos,List_Parts,https://placehold.co/600x400/EEE/31343C,Placeholder Description,FALSE,1985
Season_22,The Mark of the Rani,List_Parts,https://placehold.co/600x400/EEE/31343C,Placeholder Description,FALSE,1985
Season_22,The Two Doctors,List_Parts,https://placehold.co/600x400/EEE/31343C,Placeholder Description,FALSE,1985
Season_22,Timelash,List_Parts,https://placehold.co/600x400/EEE/31343C,Placeholder Description,FALSE,1985
Season_22,Revelation of the Daleks,List_Parts,https://placehold.co/600x400/EEE/31343C,Placeholder Description,FALSE,1985
Season_23,Trial of a Time Lord,List_Parts,https://placehold.co/600x400/EEE/31343C,Placeholder Description,FALSE,1986
Season_24,Time and the Rani,List_Parts,https://placehold.co/600x400/EEE/31343C,Placeholder Description,FALSE,1987
Season_24,Paradise Towers,List_Parts,https://placehold.co/600x400/EEE/31343C,Placeholder Description,FALSE,1987
Season_24,Delta and the Bannermen,List_Parts,https://placehold.co/600x400/EEE/31343C,Placeholder Description,FALSE,1987
Season_24,Dragonfire,List_Parts,https://placehold.co/600x400/EEE/31343C,Placeholder Description,FALSE,1987
Season_25,Remembrance of the Daleks,List_Parts,https://placehold.co/600x400/EEE/31343C,Placeholder Description,FALSE,1988
Season_25,The Happiness Patrol,List_Parts,https://placehold.co/600x400/EEE/31343C,Placeholder Description,FALSE,1988
Season_25,Silver Nemesis,List_Parts,https://placehold.co/600x400/EEE/31343C,Placeholder Description,FALSE,1988
Season_25,The Greatest Show in the Galaxy,List_Parts,https://placehold.co/600x400/EEE/31343C,Placeholder Description,FALSE,1988
Season_26,Battlefield,List_Parts,https://placehold.co/600x400/EEE/31343C,Placeholder Description,FALSE,1989
Season_26,Ghost Light,List_Parts,https://placehold.co/600x400/EEE/31343C,Placeholder Description,FALSE,1989
Season_26,The Curse of Fenric,List_Parts,https://placehold.co/600x400/EEE/31343C,Placeholder Description,FALSE,1989
Season_26,Survival,List_Parts,https://placehold.co/600x400/EEE/31343C,Placeholder Description,FALSE,1989
The_Movie,The Movie,List_Parts,https://placehold.co/600x400/EEE/31343C,Placeholder Description,FALSE,1996
Torchwood,Torchwood – Series 1,List_Parts,https://images.theposterdb.com/prod/public/images/posters/optimized/shows/29581/season_1/FdizbcWYprzqjJzgxLhXhnwlmj61i0xg07q46bz9.webp,Placeholder Description,FALSE,2006
Torchwood,Torchwood – Series 2,List_Parts,https://images.theposterdb.com/prod/public/images/posters/optimized/shows/29581/season_2/NpiWxMpYBi3PqEeJrF7q8n3BPUoaXNWV0cnZ6KKM.webp,Placeholder Description,FALSE,2008
Torchwood,Torchwood – Children of Earth,List_Parts,https://images.theposterdb.com/prod/public/images/posters/optimized/shows/29581/season_3/JWAokFy89QC17ogez1ObVKVo5vcT2GbiBDvNTkJa.webp,Placeholder Description,FALSE,2009
Torchwood,Torchwood – Miracle Day,List_Parts,https://images.theposterdb.com/prod/public/images/posters/optimized/shows/29581/season_4/29MUXb2I9ujHnysX21fmnHcx6ibKgDaVf9qmhlp4.webp,Placeholder Description,FALSE,2011
Sarah_Jane_Adventures,Sarah Jane Adventures – Series 1,List_Parts,https://images.theposterdb.com/prod/public/images/posters/optimized/shows/785/season_1/xuPP0tvd4EIOqPDvwCuuXTAR5NrzepVIstZYjBmB.webp,Placeholder Description,FALSE,2007
Sarah_Jane_Adventures,Sarah Jane Adventures – Series 2,List_Parts,https://images.theposterdb.com/prod/public/images/posters/optimized/shows/785/season_2/xLoipjfLnMfPcY4fOfaEZ79yL4GNznwWXiHRpn7s.webp,Placeholder Description,FALSE,2008
Sarah_Jane_Adventures,Sarah Jane Adventures – Series 3,List_Parts,https://images.theposterdb.com/prod/public/images/posters/optimized/shows/785/season_3/8HxI4PRAEp5MHyB9ps2svlnSR5h9BU3wXRnhiulD.webp,Placeholder Description,FALSE,2009
Sarah_Jane_Adventures,Sarah Jane Adventures – Series 4,List_Parts,https://images.theposterdb.com/prod/public/images/posters/optimized/shows/785/season_4/53v0sLl2U0Y75jmsMjA3yUA151QNzUk2fDhqRQ2J.webp,Placeholder Description,FALSE,2010
Sarah_Jane_Adventures,Sarah Jane Adventures – Series 5,List_Parts,https://images.theposterdb.com/prod/public/images/posters/optimized/shows/785/season_5/UCkSDWoZ8xrVR8yKg34IYwV0Fykqcph6lahyeirC.webp,Placeholder Description,FALSE,2011
Class,Class – The Complete Series,List_Parts,https://images.theposterdb.com/prod/public/images/posters/optimized/shows/68375/season_1/KzO2aUeOXLrJVPXYExJLwjlXXkU3r4c8uVwvpZE7.webp,Placeholder Description,FALSE,2016
K9,K9 – The Complete Series,List_Parts,https://images.theposterdb.com/prod/public/images/posters/optimized/shows/34291/season_1/mtacZaZDyATC3GV3RbUhYn4ZRClogUS9roQ6nuPT.webp,Placeholder Description,FALSE,2010
Tales of the TARDIS,Tales of the TARDIS,List_Parts,https://ichef.bbci.co.uk/images/ic/784x441/p0gq23pg.jpg,Placeholder Description,FALSE,2023
Reeltime Pictures,Reeltime Pictures,List_Parts,https://tardis.wiki/images/Tardis_images/b/be/Downtime_dvd.jpg,Placeholder Description,FALSE,1995
Doctor_Who_Confidential,Doctor Who Confidential – Series 1,List_Parts,https://tardis.wiki/images/Tardis_images/b/be/Downtime_dvd.jpg,Placeholder Description,TRUE,2005
Doctor_Who_Confidential,Doctor Who Confidential – Series 2,List_Parts,https://tardis.wiki/images/Tardis_images/b/be/Downtime_dvd.jpg,Placeholder Description,TRUE,2006
Doctor_Who_Confidential,Doctor Who Confidential – Series 3,List_Parts,https://tardis.wiki/images/Tardis_images/b/be/Downtime_dvd.jpg,Placeholder Description,TRUE,2007
Doctor_Who_Confidential,Doctor Who Confidential – Series 4,List_Parts,https://tardis.wiki/images/Tardis_images/b/be/Downtime_dvd.jpg,Placeholder Description,TRUE,2008
Doctor_Who_Confidential,Doctor Who Confidential – Series 5,List_Parts,https://tardis.wiki/images/Tardis_images/b/be/Downtime_dvd.jpg,Placeholder Description,TRUE,2010
Doctor_Who_Confidential,Doctor Who Confidential – Series 6,List_Parts,https://tardis.wiki/images/Tardis_images/b/be/Downtime_dvd.jpg,Placeholder Description,TRUE,2011
Totally_Doctor_Who,Totally Doctor Who – Series 1,List_Parts,https://tardis.wiki/images/Tardis_images/b/be/Downtime_dvd.jpg,Placeholder Description,TRUE,2006
Totally_Doctor_Who,Totally Doctor Who – Series 2,List_Parts,https://tardis.wiki/images/Tardis_images/b/be/Downtime_dvd.jpg,Placeholder Description,TRUE,2007
Doctor_Who_Unleashed,Doctor Who Unleashed – 2023 Specials,List_Parts,https://tardis.wiki/images/Tardis_images/b/be/Downtime_dvd.jpg,Placeholder Description,TRUE,2023
Doctor_Who_Extra,Doctor Who Extra – Series 1,List_Parts,,Placeholder Description,TRUE,2014
